support_set,support_level
accidentBin0.0,0.5085910652920962
accidentBin1.0,0.49140893470790376
maxTbin1.0,0.5010309278350515
maxTbin2.0,0.49896907216494846
niceWeather0.0,0.7525773195876289
accidentBin0.0maxTbin1.0,0.27903780068728523
accidentBin0.0niceWeather0.0,0.37800687285223367
maxTbin2.0accidentBin1.0,0.26941580756013744
accidentBin1.0niceWeather0.0,0.3745704467353952
niceWeather0.0maxTbin1.0,0.3718213058419244
maxTbin2.0niceWeather0.0,0.38075601374570445
