support_set,support_level
accidentBin0.0,0.5085910652920962
accidentBin1.0,0.49140893470790376
niceWeather0.0,0.7525773195876289
niceWeather1.0,0.24742268041237114
accidentBin0.0niceWeather0.0,0.37800687285223367
accidentBin0.0niceWeather1.0,0.13058419243986255
accidentBin1.0niceWeather0.0,0.3745704467353952
niceWeather1.0accidentBin1.0,0.11683848797250859
