support_set,support_level
accidentBin0.0,0.5085910652920962
accidentBin1.0,0.49140893470790376
niceWeather0.0,0.7525773195876289
accidentBin0.0niceWeather0.0,0.37800687285223367
accidentBin1.0niceWeather0.0,0.3745704467353952
